playlist_id,playlist_name,playlist_total_tracks,owner_id,owner_name,total_followers
5WNUX6jisX0NRlVDTm6RDd,HipHop 2021 / 2022,168,sonymusicentertainment,Filtr Sweden,423309
38iI10NJQ5HY0ilCItMz5r,Rap 2022 | Rap & HipHop Hits 2022,235,kpu7ttyvk94i360ju1ym63upj,Desired Music,269877
5QjgJ20xSbkyfDY2iPERtz,Japanese Lofi HipHop,164,thebootlegboy,thebootlegboy,190281
57hiFNeo50O5eILOXnYQ1i,Rap Workout. HipHop Bangers.,22,edmembassy,Embassy Music,123272
0DulSdpXA37vBwOWcYGNz3,Old School R‚Äòn‚ÄòB & Hiphop,219,1123744733,Reema Abid,120029
0nzin6g8Uh5zdL8Y5h7xHh,HipHop Switch,50,khjwnpytxcewznvhxa1njg5e1,Upstate Matter,92429
37i9dQZF1DX0Eftsfm2dbT,+81 ConnectÔºöJ-Hiphop„ÅÆ„Äå‰ªä„Äç„Å®„Äå„Åù„ÅÆÂÖà„Äç,70,spotify,Spotify,87745
5TZkls9cEOzWDR6qCxwDot,HipHop 2021,163,theswingingturtle,The Swinging Turtle,87340
0C2zyPdlkbWHrwVg9gqNdU,90s Rap | 90s Hiphop | Old School Hip Hop House Party!,158,mammenag,Anish Mammen,58609
4X52HPxkyj1MQRV4UulYns,StreamBeats Hiphop (Official),167,3goqul1iqkj8a3ka2s0a07ptr,StreamBeats Official Playlist,55872
69vdaiEsh0aqye5VsgSIcI,HIPHOP üî• Rap 2021,98,mtynmzp3udvds0hvrjmyu2fpd,Cammo Network,50256
1dUybpaQwCyaYhJG6IAzHp,HipHop Twisted,50,31nemrrkpoqze5ofdznpiujqfi4q,90sMatter,47964
6aPDvVJbmO41jCpTolXLmn,HipHop 2022,159,kpu7ttyvk94i360ju1ym63upj,Desired Music,45064
5zWx4nzIkTxHM5fPS6MHnJ,Svensk Hiphop & Rap,125,sonymusicentertainment,Filtr Sweden,44307
1y64UZ5AyRTnMn7d59U8RJ,Hiphop Killers,50,fqio566c97vkg1utsxozyg6m8,Heart Of Hip-Hop,41478
4hyjKnCbeRAI7FCyi4KnI4,Hiphop Squad ,50,q1wxii4y4p1jgxpovyazy4bov,Teenage BraveLife,41445
3a7oyiG9dfoNNpkDYOWXIP,Hiphop Dared,37,ctgnod8ozdtzwzjv1a361xhvs,NewPureInspiration,41384
79WF2chYwdF2kyWNfv4xiF,HIPHOP WELLS,45,gi7t442dm3rinj3wv0dgmlbgc,TrappedByBars,39666
0Ydyu4H6x62oPdMv7KzF73,Hiphop Obligation,34,tbmtwq7834zqvc6n45sh9o998,Bedroom Smile,39664
6m8hEyTkviOm5EFw6wKsSD,Hiphop Undefined ,32,y1bql5mhx0qa7w2znic7kkbdu,GlobalMoon,39566
5baTy8HHUwqQgglfjGdxv7,HipHop Age Zero,50,31ofwpgju4kbh24yd5qp6g7vqj2i,Gold Power,39345
6naHOLUAH2oFglqAyZnE4S,HipHop Fix,50,31gpjj2hgjdbvzxqkzgo6rq2ja6u,Gold Ride,39344
6scLwGech7i7CbLZ61sFDj,HipHop Unbothered,54,31wyea3kvchelfqylkgrja2tdlxm,Tirade Strength,39344
6777urcByXwc0uDoTVgVet,HipHop Fire Bangers,50,31dkerz7wu6duz35f3f37yd6aqzy,Unbelievable City,39343
10An1Zp9fttUEqgzUFIMGF,HipHop Circlez,50,31zh6ulzchcuc5fxwrd5xz6mcvtm,Bass Turnt,39341
37i9dQZF1DZ06evO4u84Yc,This Is Hiphop Tamizha,50,spotify,Spotify,28650
4ZVlrmh3k3Q9N1bW0m6Kkz,2000s RnB HipHop and Pop Hits,154,empty022,Leo Lobaton,24760
1ZK6XxERSYKtjpazUTrkJH,90's Hiphop Classics,100,1148078967,Perquisite,24061
5MtMCsXwPG1hoGXUDxoq2b,HipHop (Oldschool),121,till4554,till4554,19621
3oHIgA81nHSvhravXVEPef,2014-2016 HipHop,234,mystritz,Mystritz,19474
7dEDAu8VGCmhZmfuOuiQl3,Fresh HipHop,38,pucjn57gvi3ze667o4o2ennv5,Calming Game,19319
5EtRhKCOKCP7tCYWMlJ0R6,HIPHOP & RAP HITS 2021,48,y0hx05oky776xxj5owmj9d9p4,Binaural Choice,19295
37i9dQZF1DXbYUVKgXZtWJ,Suomi-hiphopin klassikot,70,spotify,Spotify,19180
5VcoTCZqLPcbZLtdvf6XKx,HIPHOP KINGZ BEST TUNEZ üî•,19,fb9t8axi28kp1y6zd0qk3qocs,HipHop Kingz,18849
6hihSP6xSpz6Cdikq8t1Sn,HipHop 2000er,98,tipfen,tipfen,17632
107v217TOUhxGjNJ0kveB9,Hot Rap/HipHop,248,3fxnphaljwvjq0bnurt9nevsv,EZM,17187
42KjWnvABS6wqtQYpXDR7S,Oldschool HipHop,132,ud7rh6ftj8d4dvpv6wxoiu3xu,DJ Dre,16645
33I6RpefRQcRh69xEczaKT,Hiphop 2000‚Äôs,266,1160742066,Leon Bouw,16138
3A46xM92rYMDL7Ohezea0H,Hiphop 90‚Äôs,219,s.schoutensander,S,15327
02xiJKbrhdO5RNMmUrgNoA,HIPHOP 2021 üíé Trap Nation,63,r6olqiz953f9y2o1o5fzydfts,The Nation,10590
2P2r8fAtEAFCthYoPWJ3qh,Star Wars Lofi HipHop,45,s3d9yvhk3wc45szeejwvwqo64,Chilled Panda,10294
1rbjVWsewSzdBJbF96Vxip,üá¶üá∫ Aussie HipHop - Best Of ü¶ò,291,1180726893,Dale,9887
3JdCIr6KWkQdGpo6yLsCvt,RnB & HipHop Vibes 2022,322,1134923738,Janik Schmidt,9816
2hQtHJqKZKNVnb71aesxD1,RAP STARS üåüüåü HipHop HITS,41,22ngz47ylqmjub434cf1lrwkk,RAP WRLD,8733
7s6ZwbUBvR2wFwZxKY9wnr,Animal Crossing Lofi Hiphop Chill Music,72,xr0dpfb77dseye9udn88y4mpe,Johan Lists,8695
728U4cirtjEEdA9SIHeV4Z,BEST HIPHOP SONGS 2010-2021,88,music4freebitch,BEST SONGS,7434
5IYybZWavhd6mELEPfLwwb,Jazzy HipHop,48,amosdunse1,AD,6936
5IYybZWavhd6mELEPfLwwb,Jazzy HipHop,48,amosdunse1,AD,6936
7lMsZ9E0HlndCTZVtzVImg,HipHop,138,realfetter,realfetter,6612
3azClROGk7HOubcffQNSQx,Gaming Music 2021 HipHop Rap,204,icecubezero99,icecubezero99,5279
51B7oe26CjN0tppKRSXZgK,Hiphop Tamizha Songs,30,uo683yrg77tpddjflj2dadhyl,uo683yrg77tpddjflj2dadhyl,4766
4cU1lWLyokdfVLuBfsf9sj,Hiphop Workout üí™üèº,135,1253307663,KathleenJade,4393
0TURRjdscXZB2IKj4LMYwN,Old Hiphop/Rap/RnB ‚ùå,352,tommydeacon2,Tommy Deacon,3911
07cE6TWoLDsp87lPxfRFhB,HipHop - Dance Choreography songs,121,znrddr,DdRx,3789
4VwQ0aM7O9HlT8Pr5IQtup,Hiphop Remixs,38,1211354604,Sean Galette,3451
5CRJExGSQFYXem2hT5GFkd,Hiphop Classics,231,1167987881,ilseroseanne,3421
3rBD7ay3tpjivUbo7lU8Rv,2000er HipHop üòé,139,1134864996,robred1894,3239
4Rq5nwkiwVn8vWoYrLl2G5,Oldschool RnB & HipHop,415,9izxv7foyecwkj2rckuvm19fk,dietuba87,2704
0708EsQwMyFafpVVppLpZc,HipHop Mix,110,43rk6eoxkyriwunh504iwgfx1,melissadrapes,2631
4IvqB6yyn2o1h7va1v41IY,Hiphop Instrumentals,153,colinmooijman,colinmooijman,2343
6WFGEaTOgqH8RIomYAdZLH,RnB - HipHop World 2022,83,1145652198,Marc Hermens,2207
0kPaC1daHhgAKOCXnfcscw,HipHop / Rap 2022üî•,610,3gjb8zhkyvufqkfrbv0b3l7ax,Luuk,2088
6hChToKlwhpEOi1YjCTvGi,Hiphop,108,zulso79n5d8c11nrvv6sz0xh3,Afif,1877
4LAfRJiHBH7EIKCJCD43pl,Hiphop Êó•Êú¨,234,rock1225-jp,rock1225-jp,1877
0NkmJzeSuZdV8GEGqvLgCY,HipHop/RnB Throwback,200,syamvhqkl,Syful Hisyam Rosli,1800
3oEe1qg3yzDNuaFUV9Qmyf,HipHop / Rap,74,bluethundermusic,Jerry van Bergen,1735
1h45wjV5FHyxjNJJAyegbh,HIPHOP PARTYMIX,440,1128951691,DJ BEEZ,1516
5eala37y1hNkesMGeKxGH8,Pinoy Hiphop 2021,18,22fplkriwfm27kamozfbtnkga,Anthony Duran,1426
1NYQtgrJnTIjfrXsziMhkG,Hiphop Rnb Club Dance Chill Mix 2019 2020 2021,64,0177bda6d4nr2fhe7e1q2c9v3,SaiVie Le,1412
5pNA371XvTsiAfFMNCFfhC,HIPHOPÈáç‰ΩéÈü≥,235,317vba5y5gjh2hge6tvotbaonziq,ÂáåÂπ≥,1148
4d7YQYjCNjX0PfrTwpqPMC,FRANCE HIPHOP üá®üáµüíØ,700,idajosefinehase,Bj√∂rn borg 02,1118
5z5CCiaftujxNnMmaBi1oV,HipHop 2022,40,zlt2wyvfj6f6vhq2lazszqtay,SilverSkyRecords,1067
4FrWMAf2WRd9CcOBVQP1kG,Hiphop and Rnb 90s + 00s,942,1247361838,Brent Maukau,952
0e7tkSgdq3iW39IOQ6BEeq,‰∫∫Ê∞óHIPHOP,153,1e84yfl484zfxdovmw5cl13y6,Yuto,660
2UPjYmcrZ3wKapag5y5TMZ,HipHop Bollywood,38,315vp3ott2nsasuf2d3oipr3sprq,Misbah Maaz,563
3SYHTs1zV0tHE2mij2EVLo,Classic Hiphop Dance Hits üôåüèª,68,kathleenfortuno,Kai Fortuno,526
2vxea3gouIY58nwRV9k3R5,CHRISTMAS HIPHOP,101,12136449606,Toppet Fabie,480
56SRALc8V49jGXcGs5dlQ4,hiphop,2958,joshpongo,joshpongo,390
6a4B0nBDY21YvDUbbaesok,Pinoy Hiphop Hits,24,bryanflyyy,asian ninja üçú,378
4I5cpTNviAEhJshCgMpEoO,Hiphop Tamizha album,13,saifdeen,saifdeen,332
27WvERXh9meSnEnrkrNjUl,Hiphop Tagalog Songs,95,31ljfyhvhf3oqbegrrwvoak7bg2u,Shane Kenneth Chioco,316
6B59OzO5gl5FWC9YbvtWJ8,HipHop Dance 2021,23,1261745847,1261745847,292
128jptaCOEMIUURNs5UfBX,HIPHOP EN ESPA√ëOL,95,vqjx9el6ur5uzps8mj0on3m1p,Juanpalominoarana,282
03KHkPXLN05KsTEAG3S6Ns,HIPHOPüåø,447,miiku.6,R.M.0609,237
3lFLVoUK5dBesrJ225sqxO,hiphop Christmas bopsüéÖüèª,80,margopeters05,therealmargopeters,199
4IrgaZ1jLjrPlTGHWmkrfD,Xmas HipHop,60,11121757858,Philipp Hennisch,175
4tgpJ9HoEZ4jQJYFqQk0gm,Hiphop dance music üíÉüèª,177,12154496566,Nhorz,63
4KGm0XYJkGufM4aHm9iMCH,HipHopüî•üåä,540,saif.taboni,saif.taboni,18
